{
    "Mercury": {
        "a": 0.38709843,
        "e": 0.20563661,
        "i": 7.00559432,
        "long_peri": 48.33961819,
        "long_node": 77.45771895
    },
    "Venus": {
        "a": 0.72332102,
        "e": 0.00676399,
        "i": 3.39777545,
        "long_peri": 76.67261496,
        "long_node": 131.76755713
    },
    "EMBary": {
        "a": 1.00000018,
        "e": 0.01673163,
        "i": -0.00054346,
        "long_peri": -5.11260389,
        "long_node": 102.93005885
    },
    "Mars": {
        "a": 1.52371243,
        "e": 0.09336511,
        "i": 1.85181869,
        "long_peri": 49.71320984,
        "long_node": -23.91744784
    },
    "Jupiter": {
        "a": 5.20248019,
        "e": 0.04853590,
        "i": 1.29861416,
        "long_peri": 100.29282654,
        "long_node": 14.27495244
    },
    "Saturn": {
        "a": 9.54149883,
        "e": 0.05550825,
        "i": 2.49424102,
        "long_peri": 113.63998702,
        "long_node": 92.86136063
    },
    "Uranus": {
        "a": 19.18797948,
        "e": 0.04685740,
        "i": 0.77298127,
        "long_peri": 73.96250215,
        "long_node": 172.43404441
    },
    "Neptune": {
        "a": 30.06952752,
        "e": 0.00895439,
        "i": 1.77005520,
        "long_peri": 131.78635853,
        "long_node": 46.68158724
    }
}